-- insert initial test data
-- the id is hardcode to enable references between further test data
INSERT INTO horse (ID, NAME, BREED, MIN_SPEED, MAX_SPEED, CREATED, UPDATED )
VALUES (1, 'Joe', 'Cob', 40.1, 50.0, '2018-03-20 17:17:36.87417', '2018-03-20 17:17:36.87417'),
       (2, 'Lisa', 'Arab', 40.5, 50.7, '2018-03-19 18:20:35.22343', '2018-03-19 18:20:33.22343'),
       (3, 'Jim', 'Andalusian', 55.2, 57.8, '2018-02-11 20:12:59.88888', '2018-02-11 20:12:56.88888'),
       (4, 'Don', 'Mustang', 43.4, 51.0, '2018-01-16 20:12:55.123456', '2018-01-16 20:12:40.123456'),
       (5, 'Star', 'Andalusian', 52.3, 55.87, '2018-12-31 23:35:28.54275', '2018-12-31 23:35:28.54275'),
       (6, 'Rocket', 'Cob', 40.05, 47.25, '2018-01-31 08:15:30.12984', '2018-01-31 08:15:30.12984'),
       (7, 'Thanos', 'Appaloosa', 51.6, 57.8, '2018-02-15 12:54:52.18432', '2018-02-15 12:54:52.18432'),
       (8, 'Basket', 'Morgan', 52.0, 55.0, '2018-03-07 15:22:25.95955', '2018-03-07 15:22:25.95955'),
       (9, 'Blitz', 'American Quarter Horse', 49.55, 51.03, '2019-02-10 22:24:45.23231', '2018-02-10 22:24:45.23231'),
       (10, 'Don', 'Morgan', 51.22, 53.75, '2019-01-15 14:27:59.50002', '2019-01-16 15:30:45.70002'),
       (11, 'Wicket', 'Paint Horse', 53.11, 55.07, '2018-02-16 19:22:12.50432', '2018-02-18 19:22:12.50432');



INSERT INTO jockey (ID, NAME, SKILL, CREATED, UPDATED )
VALUES (1, 'Christian Moser', -205, '2018-02-16 19:22:16.50432', '2018-02-16 19:22:16.50432'),
       (2, 'Donald Bradman', 5000, '2018-01-15 14:28:02.10052','2018-01-15 14:28:02.10052'),
       (3, 'Ian Bell', 2600, '2018-12-25 19:33:11.25252', '2018-12-25 19:33:11.25252'),
        (4, 'Eoin Morgan', 0, '2018-01-02 23:33:15.25212', '2018-01-02 23:33:15.25212'),
        (5, 'Ricky Ponting', 2035.33, '2018-01-03 07:45:15.232002','2018-01-03 07:45:15.232002'),
        (6, 'Stuart Broad', 552.3030,'2018-01-03 07:45:15.232002', '2018-01-03 07:45:15.232002'),
        (7, 'Elon Musk', -0.55, '2018-05-03 16:22:16.24327', '2018-05-03 16:22:16.24327'),
        (8, 'James Anderson', 606.55, '2018-03-19 18:20:35.22343', '2018-03-19 18:20:35.22343'),
        (9, 'Paul Cunterson',  222.22, '2018-01-31 08:15:30.12984', '2018-01-31 08:15:30.12984'),
        (10, 'Daniel Baluga', 69.69, '2018-02-10 22:24:45.23231', '2018-02-10 22:24:45.23231'),
        (11, 'Arthur Dent', 42.0, '2018-12-25 22:36:28.54275', '2019-01-25 18:30:55.02331');


INSERT INTO simulation (ID, NAME, CREATED)
VALUES (1, 'Inauguration Race', '2019-01-01 10:00:11.50432'),
       (2, 'Friendly Race 1', '2019-01-03 09:00:12.00201'),
       (3, 'Friendly Race 2', '2019-01-04 11:01:02.31234'),
       (4, 'Friendly Race 3', '2019-01-08 12:10:03.11323'),
       (5, 'Betting Race 1', '2019-01-09 11:30:00.24325'),
       (6, 'Private Race 1', '2019-01-11 10:00:00.10223'),
       (7, 'Private Race 2', '2019-02-01 11:03:15.11123'),
       (8, 'Betting Race 2', '2019-02-03 09:00:22.42355'),
       (9, 'Private Race 3', '2019-02-04 08:10:16.00023'),
       (10, 'Betting Race 3', '2019-02-10 12:00:00.69696');


INSERT INTO horsehistory (ID, HORSEID, NAME, BREED, MIN_SPEED, MAX_SPEED, UPDATED)
VALUES (1, 11, 'Wicket', 'Paint Horse', 54.30, 57.07, '2018-02-18 19:22:12.50432'),
       (2, 10, 'Don', 'Paint Horse', 51.22, 53.75, '2019-01-16 15:30:45.70002');
INSERT INTO jockeyhistory (ID, JOCKEYID, NAME, SKILL, UPDATED)
VALUES (1, 11, 'Arthur Dent', 100.5, '2019-01-25 18:30:55.02331');

INSERT INTO hj_combination (ID, LUCKFACTOR, HORSEID, JOCKEYID, SIMULATIONID)
VALUES (1, 0.98, 1, 1, 1),
       (2, 1.01, 2, 2, 1),
       (3, 0.99, 3, 3, 1),
       (4, 1.00, 4, 4, 1),
       (5, 1.03, 1, 2, 2),
       (6, 0.975, 2, 3, 2),
       (7, 1.022, 3, 4, 2),
       (8, 0.97, 5, 6, 3),
       (9, 0.95, 6, 8, 3),
       (10, 0.99, 10, 11, 4),
       (11, 1.0, 11, 1, 4),
       (12, 0.99, 1, 1, 5),
       (13, 0.95, 2, 2, 5),
       (14, 0.989, 3, 3, 5),
       (15, 1.01, 1, 7, 6),
       (16, 1.04, 10, 10, 7),
       (17, 1.05, 5, 6, 8),
       (18, 1.049, 3, 7, 8),
       (19, 1.033, 7, 8, 8),
       (20, 0.99, 1, 1, 8),
       (21, 0.99, 1, 10, 9),
       (22, 0.955, 2, 9, 9),
       (23, 0.98, 5, 5, 10),
       (24, 0.975, 6, 6, 10);







